transaction_id,tps,encryption_success,false_positive,tamper_detected,timestamp
TXN-1000,6748.36,1,0,0,2026-03-13 08:42:40.839432
TXN-1001,6430.87,1,0,0,2026-03-14 20:09:40.839454
TXN-1002,6823.84,1,0,0,2026-03-15 19:06:40.839459
TXN-1003,7261.51,1,0,0,2026-03-16 22:38:40.839462
TXN-1004,6382.92,1,0,0,2026-03-10 20:34:40.839464
TXN-1005,6382.93,1,0,0,2026-03-14 03:04:40.839467
TXN-1006,7289.61,1,0,0,2026-03-13 05:31:40.839470
TXN-1007,6883.72,1,0,0,2026-03-10 13:38:40.839472
TXN-1008,6265.26,1,0,0,2026-03-14 11:00:40.839474
TXN-1009,6771.28,1,0,0,2026-03-14 00:19:40.839476
TXN-1010,6268.29,1,0,0,2026-03-12 03:01:40.839478
TXN-1011,6267.14,1,0,0,2026-03-12 14:41:40.839480
TXN-1012,6620.98,1,0,0,2026-03-14 11:03:40.839482
TXN-1013,5543.36,1,0,0,2026-03-15 20:56:40.839484
TXN-1014,5637.54,1,0,0,2026-03-10 16:36:40.839486
TXN-1015,6218.86,1,0,0,2026-03-12 21:23:40.839488
TXN-1016,5993.58,1,0,0,2026-03-10 17:21:40.839490
TXN-1017,6657.12,1,0,0,2026-03-11 13:11:40.839492
TXN-1018,6045.99,1,0,0,2026-03-11 05:42:40.839494
TXN-1019,5793.85,1,0,0,2026-03-11 04:36:40.839497
TXN-1020,7232.82,1,0,0,2026-03-16 00:23:40.839499
TXN-1021,6387.11,1,0,0,2026-03-15 09:47:40.839501
TXN-1022,6533.76,1,0,0,2026-03-16 08:25:40.839503
TXN-1023,5787.63,1,0,0,2026-03-10 12:38:40.839505
TXN-1024,6227.81,1,1,0,2026-03-14 09:15:40.839507
TXN-1025,6555.46,1,0,0,2026-03-14 05:35:40.839509
TXN-1026,5924.5,1,0,0,2026-03-14 22:37:40.839511
TXN-1027,6687.85,1,0,0,2026-03-10 20:05:40.839513
TXN-1028,6199.68,1,0,0,2026-03-14 15:48:40.839515
TXN-1029,6354.15,1,0,0,2026-03-14 17:37:40.839517
TXN-1030,6199.15,1,0,0,2026-03-13 10:43:40.839519
TXN-1031,7426.14,1,0,0,2026-03-10 18:34:40.839521
TXN-1032,6493.25,1,0,0,2026-03-15 03:48:40.839522
TXN-1033,5971.14,1,0,0,2026-03-11 20:05:40.839524
TXN-1034,6911.27,1,0,0,2026-03-13 18:13:40.839526
TXN-1035,5889.58,1,0,0,2026-03-15 15:37:40.839528
TXN-1036,6604.43,1,0,0,2026-03-15 18:51:40.839530
TXN-1037,5520.16,1,0,0,2026-03-12 02:41:40.839532
TXN-1038,5835.91,1,0,0,2026-03-14 18:01:40.839534
TXN-1039,6598.43,1,0,0,2026-03-12 05:26:40.839536
TXN-1040,6869.23,1,0,0,2026-03-13 20:22:40.839538
TXN-1041,6585.68,1,0,0,2026-03-16 17:35:40.839540
TXN-1042,6442.18,1,0,0,2026-03-16 09:55:40.839542
TXN-1043,6349.45,1,0,0,2026-03-14 06:02:40.839544
TXN-1044,5760.74,1,0,0,2026-03-17 04:11:40.839546
TXN-1045,6140.08,1,0,0,2026-03-14 12:05:40.839548
TXN-1046,6269.68,1,0,0,2026-03-12 02:58:40.839550
TXN-1047,7028.56,1,0,0,2026-03-15 18:25:40.839552
TXN-1048,6671.81,1,0,0,2026-03-11 04:44:40.839554
TXN-1049,5618.48,1,0,0,2026-03-16 18:39:40.839556
TXN-1050,6662.04,1,0,0,2026-03-16 22:25:40.839558
TXN-1051,6307.46,1,0,0,2026-03-15 04:07:40.839560
TXN-1052,6161.54,0,0,0,2026-03-15 23:54:40.839562
TXN-1053,6805.84,1,0,0,2026-03-14 23:23:40.839564
TXN-1054,7015.5,1,0,0,2026-03-15 06:25:40.839566
TXN-1055,6965.64,1,0,0,2026-03-13 14:20:40.839568
TXN-1056,6080.39,1,0,0,2026-03-13 12:09:40.839570
TXN-1057,6345.39,1,0,0,2026-03-15 09:41:40.839572
TXN-1058,6665.63,1,0,0,2026-03-16 01:13:40.839574
TXN-1059,6987.77,1,0,0,2026-03-13 05:25:40.839575
TXN-1060,6260.41,1,0,0,2026-03-16 04:56:40.839577
TXN-1061,6407.17,1,0,0,2026-03-17 09:23:40.839579
TXN-1062,5946.83,1,0,0,2026-03-13 00:21:40.839581
TXN-1063,5901.9,1,0,0,2026-03-13 00:37:40.839584
TXN-1064,6906.26,1,0,0,2026-03-15 02:59:40.839585
TXN-1065,7178.12,1,0,0,2026-03-16 20:16:40.839588
TXN-1066,6463.99,1,0,0,2026-03-13 18:22:40.839590
TXN-1067,7001.77,1,0,0,2026-03-17 09:14:40.839592
TXN-1068,6680.82,1,0,0,2026-03-10 15:47:40.839594
TXN-1069,6177.44,1,0,0,2026-03-15 23:21:40.839596
TXN-1070,6680.7,1,0,0,2026-03-17 09:43:40.839598
TXN-1071,7269.02,1,0,0,2026-03-16 00:02:40.839600
TXN-1072,6482.09,1,0,0,2026-03-11 19:05:40.839602
TXN-1073,7282.32,1,0,0,2026-03-15 23:44:40.839604
TXN-1074,5190.13,1,0,0,2026-03-16 14:31:40.839606
TXN-1075,6910.95,1,0,0,2026-03-12 15:55:40.839608
TXN-1076,6543.52,1,0,0,2026-03-12 23:18:40.839610
TXN-1077,6350.5,1,0,0,2026-03-14 13:31:40.839612
TXN-1078,6545.88,1,1,0,2026-03-11 22:59:40.839614
TXN-1079,5506.22,1,0,0,2026-03-13 13:52:40.839616
TXN-1080,6390.16,1,0,0,2026-03-11 02:27:40.839619
TXN-1081,6678.56,1,0,0,2026-03-12 08:22:40.839620
TXN-1082,7238.95,1,0,0,2026-03-15 03:55:40.839623
TXN-1083,6240.86,1,0,0,2026-03-13 18:50:40.839625
TXN-1084,6095.75,1,0,0,2026-03-16 07:47:40.839627
TXN-1085,6249.12,1,0,0,2026-03-10 14:49:40.839629
TXN-1086,6957.7,1,0,0,2026-03-11 02:47:40.839631
TXN-1087,6664.38,1,0,0,2026-03-14 19:16:40.839633
TXN-1088,6235.12,1,0,0,2026-03-10 21:25:40.839635
TXN-1089,6756.63,1,0,0,2026-03-15 00:05:40.839637
TXN-1090,6548.54,0,0,0,2026-03-13 04:51:40.839639
TXN-1091,6984.32,1,0,1,2026-03-10 14:59:40.839641
TXN-1092,6148.97,1,0,0,2026-03-16 04:27:40.839643
TXN-1093,6336.17,1,0,0,2026-03-16 19:59:40.839645
TXN-1094,6303.95,1,0,0,2026-03-16 12:37:40.839647
TXN-1095,5768.24,1,1,0,2026-03-15 23:12:40.839649
TXN-1096,6648.06,1,0,0,2026-03-14 16:38:40.839650
TXN-1097,6630.53,1,0,0,2026-03-14 06:20:40.839653
TXN-1098,6502.56,1,0,0,2026-03-10 18:52:40.839655
TXN-1099,6382.71,1,0,0,2026-03-10 18:11:40.839656
TXN-1100,5792.31,1,0,0,2026-03-11 19:32:40.839658
TXN-1101,6289.68,1,0,0,2026-03-12 23:03:40.839660
TXN-1102,6328.64,1,0,0,2026-03-15 13:22:40.839662
TXN-1103,6098.86,1,0,0,2026-03-16 19:01:40.839664
TXN-1104,6419.36,1,0,0,2026-03-17 04:53:40.839666
TXN-1105,6702.03,1,0,0,2026-03-12 18:30:40.839668
TXN-1106,7443.09,1,0,0,2026-03-13 11:33:40.839670
TXN-1107,6587.29,1,0,0,2026-03-14 19:20:40.839672
TXN-1108,6628.78,1,0,0,2026-03-15 16:42:40.839674
TXN-1109,6462.78,1,0,0,2026-03-15 17:15:40.839676
TXN-1110,5540.61,1,0,0,2026-03-17 02:08:40.839678
TXN-1111,6486.74,1,0,0,2026-03-13 11:51:40.839680
TXN-1112,6530.12,1,0,0,2026-03-17 08:11:40.839682
TXN-1113,7731.62,1,0,0,2026-03-13 06:06:40.839684
TXN-1114,6403.82,1,0,0,2026-03-13 13:05:40.839686
TXN-1115,6650.77,1,0,0,2026-03-13 19:23:40.839688
TXN-1116,6482.64,1,1,0,2026-03-16 18:18:40.839690
TXN-1117,5915.66,1,0,0,2026-03-15 04:15:40.839692
TXN-1118,7071.41,1,0,0,2026-03-10 23:11:40.839694
TXN-1119,6875.97,1,0,0,2026-03-10 12:05:40.839696
TXN-1120,6895.52,1,0,0,2026-03-12 22:26:40.839698
TXN-1121,6045.31,1,0,0,2026-03-15 05:00:40.839700
TXN-1122,7201.4,1,0,0,2026-03-17 06:07:40.839702
TXN-1123,5799.07,1,0,0,2026-03-13 15:17:40.839703
TXN-1124,6793.43,1,0,0,2026-03-16 14:08:40.839705
TXN-1125,7595.23,1,0,0,2026-03-11 02:38:40.839707
TXN-1126,6004.73,1,0,0,2026-03-10 12:35:40.839709
TXN-1127,6216.85,1,0,0,2026-03-11 22:13:40.839711
TXN-1128,6549.83,1,0,0,2026-03-13 03:05:40.839713
TXN-1129,6248.26,1,0,0,2026-03-16 22:08:40.839715
TXN-1130,5724.67,1,0,0,2026-03-14 18:02:40.839717
TXN-1131,6534.28,1,0,0,2026-03-16 04:28:40.839719
TXN-1132,5968.85,1,0,0,2026-03-10 14:29:40.839720
TXN-1133,6736.8,1,0,0,2026-03-13 15:36:40.839722
TXN-1134,6040.29,1,0,0,2026-03-10 15:48:40.839724
TXN-1135,7274.97,1,0,0,2026-03-16 17:38:40.839726
TXN-1136,6108.37,1,0,0,2026-03-11 19:16:40.839728
TXN-1137,6338.97,1,0,0,2026-03-11 07:50:40.839730
TXN-1138,6906.76,1,0,0,2026-03-12 02:02:40.839732
TXN-1139,5884.57,1,0,0,2026-03-11 11:32:40.839734
TXN-1140,6613.73,1,0,0,2026-03-11 18:14:40.839736
TXN-1141,7153.57,1,0,0,2026-03-10 11:47:40.839738
TXN-1142,5696.26,1,0,0,2026-03-15 14:23:40.839739
TXN-1143,6592.32,1,0,0,2026-03-15 20:16:40.839741
TXN-1144,6629.94,1,0,0,2026-03-14 04:51:40.839743
TXN-1145,6890.91,1,0,0,2026-03-15 10:37:40.839745
TXN-1146,5881.52,1,0,0,2026-03-11 06:44:40.839747
TXN-1147,5839.77,1,0,0,2026-03-14 20:47:40.839749
TXN-1148,6760.97,1,0,0,2026-03-16 08:01:40.839751
TXN-1149,6648.49,1,0,0,2026-03-14 05:19:40.839753
TXN-1150,6625.25,1,0,0,2026-03-11 08:31:40.839754
TXN-1151,6673.22,1,0,0,2026-03-15 18:28:40.839756
TXN-1152,6159.99,1,0,0,2026-03-15 17:59:40.839758
TXN-1153,6616.13,1,0,0,2026-03-11 07:16:40.839760
TXN-1154,6646.54,1,0,0,2026-03-14 12:38:40.839762
TXN-1155,6142.82,1,0,0,2026-03-16 13:30:40.839764
TXN-1156,7432.89,1,0,0,2026-03-15 13:03:40.839766
TXN-1157,6736.92,1,0,0,2026-03-15 08:27:40.839768
TXN-1158,5904.35,1,0,0,2026-03-11 03:05:40.839770
TXN-1159,6828.28,1,0,0,2026-03-11 18:59:40.839772
TXN-1160,6012.66,1,0,0,2026-03-10 22:38:40.839774
TXN-1161,6893.54,1,0,0,2026-03-13 10:58:40.839776
TXN-1162,7079.3,1,0,0,2026-03-10 17:38:40.839778
TXN-1163,6089.66,1,0,0,2026-03-14 09:17:40.839780
TXN-1164,6981.69,1,0,0,2026-03-11 20:07:40.839782
TXN-1165,6706.39,1,0,0,2026-03-15 01:32:40.839783
TXN-1166,6911.03,1,0,0,2026-03-11 11:08:40.839785
TXN-1167,7448.4,1,0,0,2026-03-17 09:45:40.839787
TXN-1168,6377.31,1,0,0,2026-03-14 15:35:40.839789
TXN-1169,6123.13,1,0,0,2026-03-11 19:07:40.839791
TXN-1170,6055.24,1,0,0,2026-03-12 11:34:40.839793
TXN-1171,6092.09,1,0,0,2026-03-15 10:07:40.839795
TXN-1172,6461.45,1,0,0,2026-03-12 19:00:40.839797
TXN-1173,6670.58,1,0,0,2026-03-16 13:16:40.839799
TXN-1174,6638.35,1,0,0,2026-03-16 21:35:40.839801
TXN-1175,6913.59,1,0,0,2026-03-16 09:03:40.839805
TXN-1176,6506.5,1,1,0,2026-03-15 17:00:40.839807
TXN-1177,7226.77,1,0,0,2026-03-12 23:16:40.839808
TXN-1178,6367.67,1,0,0,2026-03-14 19:32:40.839810
TXN-1179,7860.08,1,0,0,2026-03-16 17:16:40.839812
TXN-1180,6812.83,1,0,0,2026-03-12 18:09:40.839814
TXN-1181,6071.42,1,0,0,2026-03-15 06:46:40.839816
TXN-1182,5964.55,1,0,0,2026-03-13 05:06:40.839819
TXN-1183,6741.24,1,0,0,2026-03-15 17:56:40.839821
TXN-1184,6388.27,1,1,0,2026-03-11 17:42:40.839823
TXN-1185,6857.0,1,0,0,2026-03-12 20:48:40.839825
TXN-1186,6736.62,1,0,0,2026-03-11 18:52:40.839827
TXN-1187,6463.59,1,0,0,2026-03-14 09:42:40.839829
TXN-1188,6076.6,1,0,0,2026-03-14 22:55:40.839831
TXN-1189,5742.58,1,0,0,2026-03-10 23:23:40.839833
TXN-1190,6276.74,1,0,0,2026-03-15 17:40:40.839834
TXN-1191,6928.2,1,0,0,2026-03-12 08:59:40.839836
TXN-1192,6607.05,1,0,0,2026-03-15 15:59:40.839838
TXN-1193,5877.13,1,0,0,2026-03-12 02:05:40.839840
TXN-1194,6586.59,1,0,0,2026-03-15 05:27:40.839842
TXN-1195,6692.66,1,0,0,2026-03-15 05:20:40.839844
TXN-1196,6058.07,1,0,0,2026-03-10 12:09:40.839846
TXN-1197,6576.86,1,0,0,2026-03-11 09:23:40.839848
TXN-1198,6529.1,1,0,0,2026-03-11 02:46:40.839849
TXN-1199,5928.51,1,0,0,2026-03-16 17:15:40.839851
TXN-1200,6678.89,1,0,0,2026-03-14 10:07:40.839853
TXN-1201,6780.39,1,0,0,2026-03-14 03:18:40.839855
TXN-1202,7041.53,1,0,0,2026-03-11 06:11:40.839857
TXN-1203,7026.9,1,0,0,2026-03-14 19:04:40.839859
TXN-1204,5811.17,1,0,0,2026-03-16 05:09:40.839861
TXN-1205,6031.09,1,0,0,2026-03-16 11:08:40.839863
TXN-1206,6757.52,1,0,0,2026-03-15 09:44:40.839864
TXN-1207,6756.89,1,0,0,2026-03-12 13:06:40.839866
TXN-1208,6757.52,1,0,0,2026-03-10 18:02:40.839868
TXN-1209,8426.37,1,0,0,2026-03-13 11:34:40.839870
TXN-1210,6785.45,1,0,0,2026-03-16 15:07:40.839872
TXN-1211,7067.78,1,0,0,2026-03-11 18:51:40.839874
TXN-1212,6977.0,1,0,0,2026-03-13 06:01:40.839875
TXN-1213,6825.7,1,0,0,2026-03-16 14:47:40.839877
TXN-1214,6342.37,1,0,0,2026-03-10 22:14:40.839879
TXN-1215,6879.48,1,0,0,2026-03-12 09:09:40.839881
TXN-1216,6113.59,1,0,0,2026-03-15 07:03:40.839883
TXN-1217,6381.59,1,0,0,2026-03-14 11:13:40.839885
TXN-1218,6257.32,1,0,0,2026-03-13 14:47:40.839887
TXN-1219,6540.94,1,0,0,2026-03-16 13:13:40.839889
TXN-1220,7657.33,1,0,0,2026-03-15 18:03:40.839890
TXN-1221,5566.37,1,0,0,2026-03-10 23:10:40.839892
TXN-1222,6843.13,1,0,0,2026-03-14 10:17:40.839894
TXN-1223,5693.64,1,0,0,2026-03-14 02:59:40.839896
TXN-1224,6264.03,1,0,0,2026-03-16 15:20:40.839898
TXN-1225,7044.48,1,0,0,2026-03-17 04:17:40.839900
TXN-1226,6532.14,1,0,0,2026-03-11 17:42:40.839902
TXN-1227,5961.13,1,0,0,2026-03-13 03:34:40.839904
TXN-1228,6142.35,1,0,0,2026-03-15 18:16:40.839905
TXN-1229,6839.8,1,0,0,2026-03-12 02:27:40.839907
TXN-1230,6134.82,1,0,0,2026-03-16 18:24:40.839909
TXN-1231,6608.23,1,0,0,2026-03-15 02:07:40.839911
TXN-1232,6522.79,1,0,0,2026-03-10 17:30:40.839913
TXN-1233,6174.2,1,0,0,2026-03-12 01:01:40.839915
TXN-1234,7571.97,1,0,0,2026-03-13 11:20:40.839917
TXN-1235,6816.96,1,0,0,2026-03-13 16:55:40.839919
TXN-1236,5487.43,1,0,0,2026-03-12 15:12:40.839921
TXN-1237,6593.23,1,0,0,2026-03-16 00:28:40.839922
TXN-1238,6169.11,1,0,0,2026-03-15 08:50:40.839924
TXN-1239,6926.22,1,0,0,2026-03-16 13:25:40.839926
TXN-1240,6103.74,1,0,0,2026-03-17 10:13:40.839928
TXN-1241,6442.63,1,0,0,2026-03-16 18:02:40.839930
TXN-1242,6752.49,1,0,0,2026-03-14 13:29:40.839932
TXN-1243,6932.88,1,0,0,2026-03-14 11:48:40.839934
TXN-1244,5899.85,1,0,0,2026-03-15 15:08:40.839936
TXN-1245,6332.75,1,0,0,2026-03-12 10:21:40.839938
TXN-1246,6262.53,1,0,0,2026-03-11 13:54:40.839940
TXN-1247,6173.34,0,0,0,2026-03-16 20:21:40.839942
TXN-1248,7382.73,1,0,0,2026-03-17 02:29:40.839944
TXN-1249,6702.49,1,0,0,2026-03-14 14:03:40.839946
TXN-1250,5869.56,1,0,0,2026-03-13 13:43:40.839948
TXN-1251,6958.93,1,0,0,2026-03-16 23:23:40.839949
TXN-1252,7561.08,1,0,0,2026-03-14 15:04:40.839951
TXN-1253,7016.23,1,0,0,2026-03-13 08:44:40.839955
TXN-1254,5740.32,1,0,0,2026-03-12 18:23:40.839957
TXN-1255,6257.88,0,0,0,2026-03-13 22:02:40.839958
TXN-1256,7133.46,1,0,0,2026-03-11 19:24:40.839960
TXN-1257,6146.17,1,0,0,2026-03-15 09:11:40.839962
TXN-1258,6721.91,1,0,0,2026-03-11 22:58:40.839964
TXN-1259,6887.32,1,0,0,2026-03-15 22:19:40.839966
TXN-1260,6036.53,1,0,0,2026-03-12 09:56:40.839968
TXN-1261,6470.24,1,0,0,2026-03-15 20:33:40.839970
TXN-1262,4879.37,1,0,0,2026-03-10 17:17:40.839972
TXN-1263,5987.81,1,0,0,2026-03-15 08:34:40.839974
TXN-1264,6373.72,1,0,0,2026-03-16 12:58:40.839975
TXN-1265,5876.11,1,0,0,2026-03-11 04:04:40.839977
TXN-1266,7316.21,1,0,0,2026-03-13 02:14:40.839979
TXN-1267,5784.93,1,0,0,2026-03-11 14:07:40.839981
TXN-1268,6279.98,1,0,0,2026-03-13 21:32:40.839983
TXN-1269,6565.37,1,0,0,2026-03-17 10:14:40.839985
TXN-1270,7220.64,1,0,0,2026-03-13 03:52:40.839987
TXN-1271,5782.07,1,0,0,2026-03-14 06:09:40.839989
TXN-1272,7081.58,1,0,0,2026-03-17 08:28:40.839991
TXN-1273,6505.12,1,0,0,2026-03-13 01:34:40.839992
TXN-1274,6009.25,1,0,0,2026-03-16 09:46:40.839995
TXN-1275,6731.05,1,0,0,2026-03-11 17:26:40.839996
TXN-1276,6599.53,1,1,0,2026-03-12 16:23:40.839998
TXN-1277,6199.89,1,0,0,2026-03-16 09:35:40.840000
TXN-1278,6534.9,1,0,0,2026-03-15 22:30:40.840002
TXN-1279,6307.34,1,0,0,2026-03-10 13:31:40.840004
TXN-1280,6556.76,1,0,0,2026-03-13 04:07:40.840006
TXN-1281,6831.07,1,0,0,2026-03-12 06:29:40.840008
TXN-1282,7293.01,1,0,0,2026-03-12 11:46:40.840010
TXN-1283,5881.09,1,0,0,2026-03-16 15:11:40.840011
TXN-1284,7566.52,1,0,0,2026-03-12 04:35:40.840013
TXN-1285,5523.96,1,0,0,2026-03-13 04:36:40.840015
TXN-1286,6424.11,1,0,0,2026-03-12 21:49:40.840017
TXN-1287,6794.16,1,0,0,2026-03-14 05:35:40.840019
TXN-1288,6640.5,1,0,0,2026-03-11 00:24:40.840021
TXN-1289,6188.65,1,0,0,2026-03-11 12:26:40.840023
TXN-1290,6395.94,1,0,0,2026-03-15 17:47:40.840025
TXN-1291,6253.5,1,0,0,2026-03-15 00:42:40.840026
TXN-1292,6205.32,1,0,0,2026-03-12 04:03:40.840028
TXN-1293,6924.8,1,0,0,2026-03-16 12:00:40.840030
TXN-1294,6678.51,1,0,0,2026-03-14 18:49:40.840032
TXN-1295,6153.55,1,0,0,2026-03-14 00:44:40.840034
TXN-1296,6949.8,1,0,0,2026-03-10 13:47:40.840036
TXN-1297,6653.65,1,0,0,2026-03-10 13:33:40.840038
TXN-1298,6906.43,1,0,0,2026-03-11 07:39:40.840039
TXN-1299,6814.81,1,0,0,2026-03-16 09:33:40.840041
TXN-1300,6085.5,1,0,0,2026-03-17 05:59:40.840043
TXN-1301,6219.91,1,0,0,2026-03-12 04:20:40.840045
TXN-1302,6873.65,1,0,0,2026-03-13 03:36:40.840047
TXN-1303,6805.19,1,0,0,2026-03-13 21:24:40.840049
TXN-1304,6489.55,1,0,0,2026-03-11 11:46:40.840051
TXN-1305,6558.66,1,0,0,2026-03-14 16:54:40.840053
TXN-1306,7138.83,1,0,0,2026-03-12 20:37:40.840055
TXN-1307,6204.21,1,0,0,2026-03-13 22:56:40.840056
TXN-1308,6773.55,1,0,0,2026-03-10 18:56:40.840058
TXN-1309,6398.9,1,0,0,2026-03-14 22:12:40.840060
TXN-1310,6391.16,1,0,0,2026-03-14 19:22:40.840063
TXN-1311,7049.39,1,0,0,2026-03-15 11:51:40.840065
TXN-1312,6912.71,1,1,0,2026-03-16 05:05:40.840067
TXN-1313,6906.75,1,0,0,2026-03-16 15:04:40.840069
TXN-1314,7152.74,1,0,0,2026-03-13 21:29:40.840071
TXN-1315,6510.5,1,0,0,2026-03-17 09:21:40.840073
TXN-1316,6840.98,1,0,0,2026-03-13 06:52:40.840075
TXN-1317,6344.87,1,0,0,2026-03-14 23:45:40.840077
TXN-1318,6662.08,1,0,0,2026-03-13 17:42:40.840079
TXN-1319,6434.93,1,0,0,2026-03-17 06:41:40.840081
TXN-1320,6548.5,0,0,0,2026-03-11 08:45:40.840082
TXN-1321,6797.58,1,0,0,2026-03-14 11:26:40.840084
TXN-1322,6090.89,1,0,0,2026-03-14 02:24:40.840086
TXN-1323,7546.19,1,0,0,2026-03-12 09:50:40.840088
TXN-1324,5996.99,1,0,0,2026-03-11 16:41:40.840090
TXN-1325,5892.91,1,0,0,2026-03-15 10:49:40.840092
TXN-1326,7079.06,1,0,0,2026-03-12 08:43:40.840094
TXN-1327,6895.83,1,0,0,2026-03-14 04:28:40.840096
TXN-1328,6812.06,1,0,0,2026-03-16 07:15:40.840098
TXN-1329,6814.17,1,0,0,2026-03-15 12:50:40.840100
TXN-1330,6493.88,1,0,0,2026-03-11 21:00:40.840102
TXN-1331,6051.37,1,0,0,2026-03-11 13:33:40.840105
TXN-1332,6537.9,1,0,0,2026-03-12 17:37:40.840107
TXN-1333,6161.42,1,0,0,2026-03-12 02:50:40.840109
TXN-1334,6987.56,0,0,0,2026-03-10 16:14:40.840110
TXN-1335,6426.47,1,0,0,2026-03-14 23:59:40.840112
TXN-1336,6087.25,1,0,0,2026-03-13 06:25:40.840114
TXN-1337,6339.31,1,0,0,2026-03-17 04:17:40.840116
TXN-1338,6706.47,1,0,0,2026-03-12 19:06:40.840118
TXN-1339,6218.14,1,0,0,2026-03-13 02:36:40.840120
TXN-1340,6088.89,1,0,0,2026-03-16 00:29:40.840122
TXN-1341,6621.84,1,0,0,2026-03-15 02:16:40.840124
TXN-1342,6622.48,0,0,0,2026-03-15 10:53:40.840126
TXN-1343,6246.53,1,0,0,2026-03-11 04:16:40.840128
TXN-1344,6264.48,1,0,0,2026-03-15 13:51:40.840129
TXN-1345,6616.02,1,0,0,2026-03-11 15:01:40.840131
TXN-1346,5775.96,1,0,0,2026-03-10 19:36:40.840133
TXN-1347,5796.27,1,0,0,2026-03-16 13:05:40.840135
TXN-1348,6140.78,1,0,0,2026-03-14 19:59:40.840137
TXN-1349,6393.28,1,0,0,2026-03-13 12:53:40.840139
TXN-1350,6655.45,1,0,0,2026-03-16 10:20:40.840141
TXN-1351,7237.68,1,0,0,2026-03-11 15:52:40.840143
TXN-1352,6928.83,1,0,0,2026-03-14 18:04:40.840144
TXN-1353,6420.03,1,0,0,2026-03-17 01:49:40.840147
TXN-1354,6490.49,1,0,0,2026-03-15 01:49:40.840149
TXN-1355,5998.74,1,0,0,2026-03-14 11:26:40.840150
TXN-1356,6490.74,1,0,0,2026-03-16 11:04:40.840152
TXN-1357,6355.67,1,0,0,2026-03-11 14:27:40.840154
TXN-1358,6661.36,1,0,0,2026-03-15 00:54:40.840156
TXN-1359,6086.38,1,0,0,2026-03-12 12:48:40.840158
TXN-1360,6759.67,1,0,0,2026-03-11 21:08:40.840160
TXN-1361,7266.37,1,0,0,2026-03-10 16:23:40.840161
TXN-1362,6445.62,1,0,0,2026-03-15 03:36:40.840163
TXN-1363,6700.86,1,0,0,2026-03-16 14:06:40.840165
TXN-1364,6845.07,1,0,0,2026-03-16 05:31:40.840167
TXN-1365,6299.39,1,0,0,2026-03-15 23:59:40.840169
TXN-1366,6612.05,1,0,0,2026-03-14 00:47:40.840171
TXN-1367,6506.3,1,0,0,2026-03-12 15:13:40.840173
TXN-1368,6548.84,1,0,0,2026-03-13 11:39:40.840175
TXN-1369,6113.5,1,0,0,2026-03-12 08:20:40.840177
TXN-1370,6512.26,1,0,0,2026-03-11 00:06:40.840178
TXN-1371,6749.0,1,0,0,2026-03-10 20:54:40.840180
TXN-1372,7225.57,1,0,0,2026-03-14 01:31:40.840182
TXN-1373,6979.64,1,0,0,2026-03-12 06:21:40.840184
TXN-1374,7576.59,1,0,0,2026-03-12 18:30:40.840186
TXN-1375,6116.33,1,0,0,2026-03-13 17:56:40.840188
TXN-1376,6936.16,1,0,0,2026-03-17 07:02:40.840190
TXN-1377,6591.67,1,0,1,2026-03-11 11:12:40.840192
TXN-1378,7594.9,1,0,0,2026-03-15 05:11:40.840194
TXN-1379,6095.85,1,0,0,2026-03-15 13:28:40.840195
TXN-1380,6080.14,1,0,0,2026-03-13 17:25:40.840197
TXN-1381,6200.3,1,0,0,2026-03-16 05:49:40.840199
TXN-1382,5438.05,1,1,0,2026-03-11 01:30:40.840201
TXN-1383,6237.12,1,0,0,2026-03-14 17:33:40.840203
TXN-1384,6120.43,1,0,0,2026-03-16 19:57:40.840205
TXN-1385,6575.2,1,0,0,2026-03-12 01:27:40.840206
TXN-1386,6670.88,1,0,0,2026-03-13 17:48:40.840208
TXN-1387,7438.09,1,0,0,2026-03-17 00:52:40.840210
TXN-1388,6975.21,1,0,0,2026-03-15 08:05:40.840212
TXN-1389,6211.55,1,0,0,2026-03-14 17:15:40.840214
TXN-1390,6050.79,1,0,0,2026-03-11 00:29:40.840216
TXN-1391,6745.96,1,0,0,2026-03-10 15:34:40.840218
TXN-1392,5839.88,1,0,0,2026-03-16 04:36:40.840219
TXN-1393,7415.73,1,0,0,2026-03-16 03:29:40.840221
TXN-1394,7089.72,1,0,0,2026-03-16 02:35:40.840223
TXN-1395,6265.41,1,0,0,2026-03-12 23:38:40.840225
TXN-1396,5643.43,1,0,0,2026-03-12 21:57:40.840227
TXN-1397,7176.94,1,0,0,2026-03-16 04:12:40.840229
TXN-1398,6442.73,1,0,0,2026-03-14 16:48:40.840231
TXN-1399,7118.91,1,0,0,2026-03-11 11:39:40.840233
TXN-1400,5702.79,1,0,0,2026-03-14 13:51:40.840235
TXN-1401,6200.31,1,0,0,2026-03-13 11:39:40.840237
TXN-1402,6502.62,1,0,0,2026-03-11 07:47:40.840239
TXN-1403,6523.49,1,0,0,2026-03-17 10:06:40.840241
TXN-1404,6274.97,1,0,0,2026-03-16 18:05:40.840243
TXN-1405,6811.42,1,0,0,2026-03-12 13:50:40.840246
TXN-1406,5966.19,1,0,0,2026-03-13 21:53:40.840248
TXN-1407,6428.81,1,0,0,2026-03-10 18:40:40.840250
TXN-1408,6560.15,1,0,0,2026-03-14 09:26:40.840252
TXN-1409,6757.22,1,0,0,2026-03-14 00:18:40.840255
TXN-1410,6855.81,1,0,0,2026-03-14 14:58:40.840257
TXN-1411,5937.68,1,0,0,2026-03-12 19:16:40.840259
TXN-1412,5732.94,1,0,0,2026-03-15 09:02:40.840261
TXN-1413,7138.84,1,0,0,2026-03-15 05:48:40.840263
TXN-1414,6666.16,1,0,0,2026-03-15 09:20:40.840265
TXN-1415,6125.76,1,0,0,2026-03-14 21:02:40.840266
TXN-1416,7275.58,1,0,0,2026-03-12 06:16:40.840268
TXN-1417,6557.84,1,0,0,2026-03-12 02:01:40.840270
TXN-1418,7089.65,1,0,0,2026-03-15 07:41:40.840272
TXN-1419,6533.76,1,0,0,2026-03-14 17:52:40.840274
TXN-1420,7530.37,1,0,0,2026-03-17 06:08:40.840276
TXN-1421,7377.67,1,0,0,2026-03-15 20:20:40.840278
TXN-1422,6375.52,1,0,0,2026-03-16 19:52:40.840280
TXN-1423,6985.79,1,0,0,2026-03-13 09:12:40.840281
TXN-1424,6822.69,1,0,0,2026-03-10 12:06:40.840283
TXN-1425,7184.32,1,0,0,2026-03-13 17:30:40.840285
TXN-1426,6017.54,1,0,0,2026-03-16 18:50:40.840287
TXN-1427,6843.03,1,0,0,2026-03-17 02:10:40.840289
TXN-1428,7029.21,1,0,0,2026-03-16 03:35:40.840291
TXN-1429,5620.63,1,0,0,2026-03-10 23:36:40.840293
TXN-1430,5908.37,1,0,0,2026-03-15 10:30:40.840295
TXN-1431,5480.38,1,1,0,2026-03-15 00:43:40.840297
TXN-1432,6365.3,1,1,0,2026-03-14 09:33:40.840298
TXN-1433,6858.77,1,1,0,2026-03-14 02:18:40.840300
TXN-1434,7251.18,1,0,0,2026-03-12 03:10:40.840302
TXN-1435,6537.05,1,0,0,2026-03-15 18:50:40.840304
TXN-1436,7314.31,1,0,0,2026-03-16 05:47:40.840306
TXN-1437,5809.95,1,0,0,2026-03-10 15:44:40.840309
TXN-1438,5648.31,1,0,0,2026-03-11 03:56:40.840311
TXN-1439,6472.23,1,0,0,2026-03-11 15:33:40.840313
TXN-1440,6692.03,1,0,0,2026-03-14 21:49:40.840315
TXN-1441,6483.65,1,0,0,2026-03-17 00:56:40.840317
TXN-1442,5466.28,1,0,0,2026-03-11 13:14:40.840319
TXN-1443,6455.44,1,0,0,2026-03-14 01:15:40.840320
TXN-1444,5847.77,1,0,0,2026-03-14 09:17:40.840322
TXN-1445,6834.84,1,0,0,2026-03-14 06:15:40.840324
TXN-1446,6683.3,1,0,0,2026-03-11 10:56:40.840326
TXN-1447,6030.06,1,0,0,2026-03-12 22:41:40.840328
TXN-1448,6243.07,1,0,0,2026-03-13 12:12:40.840330
TXN-1449,5970.39,1,0,0,2026-03-16 02:06:40.840331
TXN-1450,6468.66,1,0,0,2026-03-14 13:46:40.840333
TXN-1451,6977.57,1,0,0,2026-03-15 13:16:40.840335
TXN-1452,6007.14,0,0,0,2026-03-16 06:39:40.840337
TXN-1453,6752.02,1,0,0,2026-03-11 08:07:40.840339
TXN-1454,6234.87,1,0,0,2026-03-15 02:41:40.840341
TXN-1455,6103.56,1,0,0,2026-03-12 12:18:40.840342
TXN-1456,6446.48,1,0,0,2026-03-15 23:59:40.840344
TXN-1457,5982.38,1,0,0,2026-03-15 01:04:40.840346
TXN-1458,6223.18,1,0,0,2026-03-15 19:25:40.840348
TXN-1459,5901.06,1,0,0,2026-03-12 00:00:40.840350
TXN-1460,7482.36,1,0,0,2026-03-10 14:01:40.840352
TXN-1461,6517.63,1,0,0,2026-03-16 10:10:40.840353
TXN-1462,6150.14,1,0,0,2026-03-16 02:42:40.840355
TXN-1463,6606.99,1,0,0,2026-03-14 22:51:40.840357
TXN-1464,6443.84,1,0,0,2026-03-15 18:38:40.840359
TXN-1465,6389.52,1,0,0,2026-03-11 00:38:40.840361
TXN-1466,6807.08,1,0,0,2026-03-11 18:19:40.840363
TXN-1467,6878.75,1,0,0,2026-03-13 13:19:40.840365
TXN-1468,6234.75,1,0,0,2026-03-16 14:50:40.840367
TXN-1469,6212.09,1,0,0,2026-03-11 19:52:40.840368
TXN-1470,6362.47,1,0,0,2026-03-12 04:51:40.840370
TXN-1471,5349.04,1,0,0,2026-03-14 07:42:40.840372
TXN-1472,5742.4,1,0,0,2026-03-10 21:06:40.840374
TXN-1473,7183.44,1,0,0,2026-03-15 12:45:40.840376
TXN-1474,7322.48,1,0,0,2026-03-15 11:12:40.840378
TXN-1475,6375.48,1,0,0,2026-03-11 14:40:40.840380
TXN-1476,6788.28,1,0,0,2026-03-15 23:52:40.840382
TXN-1477,6655.63,1,1,0,2026-03-14 01:30:40.840384
TXN-1478,8039.44,1,0,0,2026-03-17 01:00:40.840385
TXN-1479,7059.79,1,0,0,2026-03-14 23:41:40.840387
TXN-1480,6436.04,1,0,0,2026-03-15 12:52:40.840389
TXN-1481,6022.23,1,0,0,2026-03-13 00:53:40.840391
TXN-1482,5696.78,1,0,0,2026-03-14 09:15:40.840393
TXN-1483,6601.73,1,1,0,2026-03-11 11:42:40.840395
TXN-1484,6121.82,0,0,0,2026-03-14 23:45:40.840397
TXN-1485,5788.87,1,0,0,2026-03-13 02:33:40.840398
TXN-1486,6176.71,1,0,0,2026-03-10 23:47:40.840400
TXN-1487,5959.23,1,0,0,2026-03-17 10:12:40.840403
TXN-1488,7343.57,1,0,0,2026-03-15 14:30:40.840405
TXN-1489,6940.82,1,0,0,2026-03-16 01:22:40.840409
TXN-1490,6496.01,1,0,0,2026-03-11 12:10:40.840411
TXN-1491,7239.97,1,0,0,2026-03-16 12:24:40.840413
TXN-1492,6538.68,1,0,0,2026-03-17 08:42:40.840415
TXN-1493,6069.36,1,0,0,2026-03-11 03:37:40.840417
TXN-1494,7261.56,1,0,0,2026-03-12 04:16:40.840419
TXN-1495,6769.46,1,0,0,2026-03-15 17:25:40.840421
TXN-1496,5981.38,1,0,0,2026-03-11 22:08:40.840423
TXN-1497,6404.83,1,0,0,2026-03-10 16:16:40.840424
TXN-1498,6062.19,1,0,0,2026-03-11 11:46:40.840426
TXN-1499,5808.6,1,0,0,2026-03-12 08:27:40.840428
TXN-1500,6963.09,1,0,0,2026-03-14 09:27:40.840430
TXN-1501,7454.71,1,0,0,2026-03-11 12:26:40.840432
TXN-1502,5800.72,1,0,0,2026-03-14 19:49:40.840434
TXN-1503,6781.48,1,1,0,2026-03-17 01:56:40.840436
TXN-1504,6174.68,1,0,0,2026-03-14 18:50:40.840438
TXN-1505,6256.44,1,0,0,2026-03-14 03:12:40.840439
TXN-1506,6203.8,1,0,0,2026-03-13 22:52:40.840441
TXN-1507,6068.0,1,0,0,2026-03-13 22:49:40.840443
TXN-1508,6524.26,1,0,0,2026-03-13 16:23:40.840445
TXN-1509,6084.52,1,0,0,2026-03-11 11:36:40.840447
TXN-1510,6635.23,1,0,0,2026-03-15 09:33:40.840449
TXN-1511,6474.88,1,0,0,2026-03-12 02:18:40.840451
TXN-1512,6380.53,1,0,0,2026-03-12 20:30:40.840453
TXN-1513,6046.22,1,0,0,2026-03-12 00:20:40.840455
TXN-1514,6211.61,1,0,0,2026-03-13 09:05:40.840457
TXN-1515,6877.7,1,0,0,2026-03-13 20:16:40.840458
TXN-1516,6750.46,1,0,0,2026-03-14 11:58:40.840460
TXN-1517,6011.22,1,0,0,2026-03-15 04:40:40.840462
TXN-1518,6549.67,1,0,0,2026-03-13 11:02:40.840464
TXN-1519,6875.69,1,0,0,2026-03-17 09:58:40.840466
TXN-1520,5665.3,1,0,0,2026-03-14 10:15:40.840468
TXN-1521,6771.68,1,0,0,2026-03-11 05:34:40.840470
TXN-1522,6168.69,1,0,1,2026-03-15 07:36:40.840472
TXN-1523,6785.3,1,0,0,2026-03-16 23:43:40.840473
TXN-1524,6118.37,1,0,0,2026-03-14 15:33:40.840475
TXN-1525,5597.56,1,0,0,2026-03-14 03:22:40.840477
TXN-1526,5686.23,1,0,0,2026-03-14 20:46:40.840479
TXN-1527,6524.04,1,0,0,2026-03-15 06:38:40.840481
TXN-1528,6629.86,1,0,0,2026-03-14 11:45:40.840483
TXN-1529,6047.84,1,0,0,2026-03-10 20:44:40.840485
TXN-1530,6819.3,1,0,0,2026-03-12 16:03:40.840486
TXN-1531,5669.24,1,0,0,2026-03-13 20:40:40.840488
TXN-1532,6466.96,1,0,0,2026-03-11 23:00:40.840490
TXN-1533,5894.49,1,0,0,2026-03-15 23:08:40.840492
TXN-1534,6174.08,1,0,0,2026-03-13 22:26:40.840494
TXN-1535,6523.7,1,0,0,2026-03-14 06:20:40.840496
TXN-1536,6069.79,1,0,0,2026-03-14 22:47:40.840498
TXN-1537,6307.72,1,0,0,2026-03-12 15:39:40.840499
TXN-1538,7003.15,1,0,0,2026-03-15 17:10:40.840501
TXN-1539,6211.55,1,0,0,2026-03-15 00:47:40.840503
TXN-1540,6917.85,1,0,0,2026-03-16 02:22:40.840505
TXN-1541,5935.15,1,0,0,2026-03-14 15:44:40.840507
TXN-1542,6764.9,1,0,0,2026-03-16 00:17:40.840509
TXN-1543,7220.78,1,0,0,2026-03-11 15:23:40.840510
TXN-1544,5264.18,1,0,0,2026-03-14 04:28:40.840512
TXN-1545,6101.55,1,0,0,2026-03-13 21:42:40.840514
TXN-1546,6788.54,1,0,0,2026-03-11 15:15:40.840516
TXN-1547,6398.48,1,0,0,2026-03-14 13:36:40.840518
TXN-1548,6685.57,1,0,0,2026-03-12 21:20:40.840520
TXN-1549,6198.01,1,1,0,2026-03-15 22:37:40.840522
TXN-1550,6543.29,1,0,0,2026-03-14 07:21:40.840524
TXN-1551,6422.16,1,0,0,2026-03-10 13:57:40.840526
TXN-1552,7083.89,1,0,0,2026-03-12 10:09:40.840527
TXN-1553,6627.21,1,0,0,2026-03-11 20:39:40.840529
TXN-1554,6668.8,1,0,0,2026-03-12 07:40:40.840531
TXN-1555,6294.06,1,0,0,2026-03-17 04:57:40.840533
TXN-1556,6256.2,1,0,0,2026-03-10 12:34:40.840535
TXN-1557,6283.72,1,0,0,2026-03-13 20:24:40.840537
TXN-1558,6697.23,1,0,0,2026-03-13 17:11:40.840539
TXN-1559,6289.51,1,0,0,2026-03-12 08:26:40.840540
TXN-1560,6644.89,1,0,0,2026-03-10 12:13:40.840542
TXN-1561,7537.7,1,0,0,2026-03-12 09:26:40.840544
TXN-1562,6935.56,1,0,0,2026-03-17 00:04:40.840546
TXN-1563,6336.99,1,0,0,2026-03-13 17:34:40.840548
TXN-1564,7100.61,1,0,0,2026-03-12 08:59:40.840550
TXN-1565,6295.96,1,0,0,2026-03-10 20:08:40.840554
TXN-1566,5480.94,1,0,0,2026-03-15 05:43:40.840556
TXN-1567,5995.96,1,0,0,2026-03-15 06:28:40.840558
TXN-1568,5564.6,1,0,0,2026-03-12 16:50:40.840560
TXN-1569,6324.24,1,0,0,2026-03-12 23:15:40.840562
TXN-1570,6509.21,1,0,0,2026-03-13 11:42:40.840564
TXN-1571,7338.22,1,0,0,2026-03-16 07:10:40.840565
TXN-1572,6663.46,1,0,0,2026-03-14 03:23:40.840568
TXN-1573,6390.45,1,0,0,2026-03-11 22:20:40.840570
TXN-1574,6914.7,1,0,0,2026-03-15 15:16:40.840572
TXN-1575,5394.43,1,0,0,2026-03-12 07:04:40.840574
TXN-1576,6617.81,1,0,0,2026-03-10 20:21:40.840576
TXN-1577,6885.43,1,0,0,2026-03-11 21:59:40.840577
TXN-1578,5760.71,1,0,0,2026-03-13 05:04:40.840579
TXN-1579,7071.88,1,0,0,2026-03-16 06:06:40.840581
TXN-1580,6669.25,1,0,0,2026-03-16 06:04:40.840583
TXN-1581,6292.36,1,0,0,2026-03-16 02:34:40.840585
TXN-1582,6816.39,1,0,0,2026-03-10 13:19:40.840587
TXN-1583,7635.35,1,0,0,2026-03-13 00:38:40.840589
TXN-1584,6590.93,1,0,0,2026-03-15 08:07:40.840591
TXN-1585,6624.11,1,0,0,2026-03-14 11:07:40.840592
TXN-1586,6270.32,0,0,0,2026-03-13 01:21:40.840594
TXN-1587,6075.08,1,0,0,2026-03-13 20:23:40.840596
TXN-1588,6915.17,1,0,0,2026-03-11 09:48:40.840598
TXN-1589,6071.96,1,0,0,2026-03-16 20:44:40.840600
TXN-1590,6535.78,1,0,0,2026-03-16 09:37:40.840602
TXN-1591,6261.17,1,0,0,2026-03-15 13:08:40.840604
TXN-1592,6739.49,1,0,0,2026-03-16 17:07:40.840606
TXN-1593,6666.83,1,0,0,2026-03-16 08:46:40.840608
TXN-1594,7018.77,1,0,0,2026-03-14 03:44:40.840610
TXN-1595,6244.99,1,0,0,2026-03-17 06:20:40.840611
TXN-1596,6365.06,1,0,0,2026-03-12 20:13:40.840613
TXN-1597,6010.62,1,0,0,2026-03-10 22:55:40.840615
TXN-1598,6277.85,1,1,0,2026-03-10 19:21:40.840617
TXN-1599,6688.65,1,0,0,2026-03-13 11:19:40.840619
TXN-1600,6878.49,1,0,0,2026-03-13 22:52:40.840621
TXN-1601,6038.92,1,0,0,2026-03-11 00:30:40.840623
TXN-1602,6934.8,1,0,0,2026-03-10 21:18:40.840624
TXN-1603,7177.82,1,0,0,2026-03-11 11:46:40.840627
TXN-1604,6706.72,1,0,0,2026-03-11 19:39:40.840629
TXN-1605,7438.4,1,0,0,2026-03-10 22:41:40.840660
TXN-1606,6113.11,1,0,0,2026-03-12 16:39:40.840662
TXN-1607,5877.67,1,0,1,2026-03-11 04:07:40.840664
TXN-1608,5610.64,1,0,0,2026-03-14 03:05:40.840665
TXN-1609,7248.02,1,0,0,2026-03-12 01:30:40.840667
TXN-1610,6827.18,1,0,0,2026-03-17 01:21:40.840669
TXN-1611,6472.21,1,0,0,2026-03-14 23:42:40.840671
TXN-1612,6639.98,1,0,0,2026-03-14 08:31:40.840673
TXN-1613,5937.26,1,0,0,2026-03-11 07:53:40.840675
TXN-1614,7722.88,1,0,0,2026-03-11 07:41:40.840677
TXN-1615,6564.61,1,0,0,2026-03-10 22:51:40.840679
TXN-1616,6554.7,1,0,0,2026-03-13 16:21:40.840680
TXN-1617,6862.88,1,0,0,2026-03-11 16:17:40.840682
TXN-1618,6740.5,1,0,0,2026-03-14 20:42:40.840684
TXN-1619,6611.94,1,0,0,2026-03-11 04:33:40.840686
TXN-1620,6104.76,1,0,0,2026-03-15 01:05:40.840688
TXN-1621,6735.73,1,0,0,2026-03-17 00:22:40.840690
TXN-1622,7441.01,1,0,0,2026-03-13 19:43:40.840692
TXN-1623,7172.71,0,0,0,2026-03-11 02:09:40.840694
TXN-1624,7296.59,1,0,0,2026-03-11 13:56:40.840696
TXN-1625,6244.39,0,0,0,2026-03-16 05:34:40.840698
TXN-1626,6005.2,1,0,0,2026-03-13 16:07:40.840700
TXN-1627,6437.11,1,1,0,2026-03-16 23:34:40.840701
TXN-1628,6527.86,1,0,0,2026-03-13 10:15:40.840703
TXN-1629,7047.1,1,0,0,2026-03-11 01:37:40.840705
TXN-1630,5653.77,1,0,0,2026-03-15 02:41:40.840707
TXN-1631,7264.78,0,0,0,2026-03-12 10:24:40.840709
TXN-1632,6421.0,1,0,0,2026-03-13 17:48:40.840711
TXN-1633,6286.56,1,0,0,2026-03-17 09:29:40.840713
TXN-1634,5993.95,1,0,0,2026-03-13 11:58:40.840715
TXN-1635,5672.57,1,0,0,2026-03-10 22:57:40.840717
TXN-1636,6911.59,1,0,0,2026-03-11 11:38:40.840718
TXN-1637,6536.66,1,0,0,2026-03-11 07:15:40.840720
TXN-1638,5855.02,1,0,0,2026-03-15 04:54:40.840722
TXN-1639,5852.46,1,0,0,2026-03-10 15:47:40.840724
TXN-1640,6332.11,1,0,0,2026-03-11 21:34:40.840726
TXN-1641,7334.51,1,0,0,2026-03-12 12:41:40.840728
TXN-1642,6370.2,1,0,0,2026-03-15 18:19:40.840730
TXN-1643,5748.43,1,0,0,2026-03-11 00:05:40.840734
TXN-1644,6377.13,1,0,0,2026-03-14 16:49:40.840736
TXN-1645,6363.64,1,0,0,2026-03-13 10:32:40.840737
TXN-1646,5151.56,1,0,0,2026-03-11 18:52:40.840739
TXN-1647,6472.85,1,0,0,2026-03-13 04:44:40.840741
TXN-1648,6384.53,1,0,0,2026-03-16 07:24:40.840743
TXN-1649,6848.1,1,0,0,2026-03-13 09:30:40.840745
TXN-1650,7424.48,1,0,0,2026-03-10 22:33:40.840747
TXN-1651,7063.28,1,0,0,2026-03-16 22:18:40.840749
TXN-1652,6365.56,1,0,0,2026-03-11 16:41:40.840751
TXN-1653,5946.74,1,0,0,2026-03-16 01:36:40.840753
TXN-1654,7786.68,1,0,0,2026-03-12 19:04:40.840755
TXN-1655,6529.61,1,0,0,2026-03-12 18:27:40.840757
TXN-1656,6506.96,1,0,0,2026-03-12 22:47:40.840758
TXN-1657,6487.94,1,0,0,2026-03-15 21:49:40.840760
TXN-1658,6599.04,1,0,0,2026-03-14 06:13:40.840762
TXN-1659,6427.82,1,0,0,2026-03-16 08:19:40.840764
TXN-1660,6213.17,1,0,0,2026-03-13 10:21:40.840766
TXN-1661,6226.57,1,0,0,2026-03-16 13:17:40.840768
TXN-1662,6483.62,1,0,0,2026-03-12 12:46:40.840770
TXN-1663,6228.29,1,0,0,2026-03-14 14:41:40.840771
TXN-1664,6143.58,1,0,0,2026-03-12 05:52:40.840773
TXN-1665,6553.22,1,0,0,2026-03-14 01:50:40.840775
TXN-1666,6372.51,0,0,0,2026-03-10 14:58:40.840777
TXN-1667,7252.0,1,0,0,2026-03-12 00:11:40.840779
TXN-1668,5174.52,1,0,0,2026-03-11 03:23:40.840781
TXN-1669,7045.75,1,1,0,2026-03-13 08:10:40.840783
TXN-1670,7123.04,1,0,0,2026-03-12 22:32:40.840785
TXN-1671,5463.3,1,0,0,2026-03-13 02:13:40.840786
TXN-1672,6328.66,1,0,0,2026-03-12 13:08:40.840788
TXN-1673,6314.28,1,0,0,2026-03-11 14:49:40.840790
TXN-1674,5796.24,1,0,0,2026-03-13 04:26:40.840792
TXN-1675,6111.09,1,0,0,2026-03-15 07:12:40.840794
TXN-1676,5944.71,1,0,0,2026-03-15 13:13:40.840796
TXN-1677,7376.14,1,0,0,2026-03-16 03:49:40.840798
TXN-1678,6967.84,1,0,0,2026-03-13 19:23:40.840800
TXN-1679,7135.78,1,0,0,2026-03-15 13:03:40.840802
TXN-1680,6860.84,1,0,0,2026-03-16 15:29:40.840804
TXN-1681,5935.47,1,1,0,2026-03-13 10:52:40.840805
TXN-1682,6237.74,1,0,0,2026-03-12 01:17:40.840807
TXN-1683,6744.69,1,0,0,2026-03-13 22:25:40.840809
TXN-1684,5888.94,1,0,0,2026-03-15 19:14:40.840811
TXN-1685,6856.5,1,0,0,2026-03-13 06:15:40.840813
TXN-1686,6379.84,1,0,0,2026-03-11 23:54:40.840815
TXN-1687,6312.59,1,0,0,2026-03-11 18:39:40.840817
TXN-1688,6855.48,1,0,0,2026-03-16 00:13:40.840819
TXN-1689,6722.13,1,0,0,2026-03-16 12:18:40.840821
TXN-1690,6319.52,1,0,0,2026-03-15 22:26:40.840823
TXN-1691,7079.66,1,0,0,2026-03-12 11:33:40.840824
TXN-1692,5959.47,1,0,0,2026-03-15 19:30:40.840828
TXN-1693,6807.97,1,0,0,2026-03-17 03:53:40.840830
TXN-1694,6796.55,1,0,0,2026-03-14 05:15:40.840832
TXN-1695,6345.23,1,0,0,2026-03-13 07:07:40.840834
TXN-1696,6663.07,1,0,0,2026-03-15 00:08:40.840836
TXN-1697,5874.44,1,0,0,2026-03-12 20:59:40.840837
TXN-1698,6962.01,1,0,0,2026-03-11 14:14:40.840839
TXN-1699,6407.55,1,0,0,2026-03-15 17:57:40.840841
TXN-1700,6238.64,1,0,0,2026-03-13 10:26:40.840843
TXN-1701,7024.5,1,0,0,2026-03-15 08:11:40.840845
TXN-1702,6147.83,1,0,0,2026-03-15 23:05:40.840847
TXN-1703,5795.77,1,0,0,2026-03-15 22:49:40.840849
TXN-1704,5721.69,1,0,0,2026-03-10 15:29:40.840851
TXN-1705,6803.0,1,0,0,2026-03-11 19:20:40.840853
TXN-1706,5859.79,1,0,0,2026-03-17 02:31:40.840854
TXN-1707,7377.4,1,0,0,2026-03-10 16:21:40.840856
TXN-1708,5459.04,1,0,0,2026-03-16 14:41:40.840858
TXN-1709,7348.23,1,0,0,2026-03-16 18:10:40.840860
TXN-1710,6605.51,1,0,0,2026-03-17 06:11:40.840862
TXN-1711,6451.64,1,0,0,2026-03-13 02:23:40.840864
TXN-1712,6227.54,1,0,0,2026-03-11 08:37:40.840866
TXN-1713,6699.57,1,0,0,2026-03-12 00:38:40.840868
TXN-1714,6481.18,1,0,0,2026-03-13 08:01:40.840869
TXN-1715,7051.65,1,0,0,2026-03-12 15:01:40.840871
TXN-1716,6557.11,1,0,0,2026-03-11 00:48:40.840873
TXN-1717,6575.15,1,0,0,2026-03-14 08:34:40.840875
TXN-1718,6318.19,1,0,0,2026-03-12 15:17:40.840877
TXN-1719,6471.53,1,0,0,2026-03-15 00:42:40.840879
TXN-1720,6653.9,1,0,0,2026-03-16 11:10:40.840881
TXN-1721,5644.92,1,0,0,2026-03-17 06:42:40.840884
TXN-1722,5825.91,1,0,0,2026-03-17 01:44:40.840886
TXN-1723,6871.63,1,0,0,2026-03-15 00:58:40.840888
TXN-1724,6585.43,1,0,0,2026-03-11 18:12:40.840889
TXN-1725,6408.01,1,0,0,2026-03-11 19:12:40.840891
TXN-1726,6509.22,1,0,0,2026-03-16 23:24:40.840893
TXN-1727,6673.79,1,0,0,2026-03-11 19:39:40.840895
TXN-1728,6230.12,1,0,0,2026-03-14 17:58:40.840897
TXN-1729,6110.85,1,0,0,2026-03-15 15:17:40.840899
TXN-1730,6597.92,1,0,0,2026-03-16 20:28:40.840901
TXN-1731,6010.81,1,0,0,2026-03-16 13:31:40.840903
TXN-1732,6704.13,1,1,0,2026-03-15 14:40:40.840905
TXN-1733,5648.71,1,0,0,2026-03-13 10:24:40.840907
TXN-1734,7014.58,1,0,0,2026-03-11 08:59:40.840908
TXN-1735,6736.3,1,0,0,2026-03-12 02:01:40.840911
TXN-1736,6628.01,1,0,0,2026-03-12 13:11:40.840913
TXN-1737,6991.35,1,0,0,2026-03-14 13:29:40.840915
TXN-1738,7332.74,1,0,0,2026-03-17 01:35:40.840916
TXN-1739,7007.19,1,0,0,2026-03-12 01:00:40.840918
TXN-1740,5579.56,1,0,0,2026-03-17 07:06:40.840920
TXN-1741,5860.21,1,0,0,2026-03-14 13:16:40.840922
TXN-1742,6187.59,1,0,0,2026-03-15 09:20:40.840924
TXN-1743,6513.05,1,0,0,2026-03-13 21:38:40.840926
TXN-1744,6758.83,1,0,0,2026-03-15 07:35:40.840928
TXN-1745,6137.13,1,0,0,2026-03-11 17:53:40.840931
TXN-1746,6593.38,1,0,0,2026-03-15 19:26:40.840933
TXN-1747,6122.31,1,0,0,2026-03-12 15:41:40.840935
TXN-1748,6194.24,1,0,0,2026-03-15 11:54:40.840937
TXN-1749,5796.67,1,0,0,2026-03-14 23:08:40.840939
TXN-1750,6038.38,1,0,0,2026-03-16 17:41:40.840941
TXN-1751,5824.16,1,0,0,2026-03-14 22:00:40.840942
TXN-1752,6012.06,1,0,0,2026-03-15 18:11:40.840944
TXN-1753,7026.82,1,0,0,2026-03-12 04:07:40.840946
TXN-1754,6025.3,1,0,0,2026-03-16 11:09:40.840948
TXN-1755,7816.19,1,0,0,2026-03-15 19:25:40.840950
TXN-1756,6746.66,1,0,0,2026-03-12 11:33:40.840952
TXN-1757,6592.42,1,0,0,2026-03-15 09:03:40.840954
TXN-1758,6070.82,1,0,0,2026-03-12 17:39:40.840955
TXN-1759,6850.15,1,0,0,2026-03-12 15:20:40.840957
TXN-1760,6212.18,1,0,0,2026-03-14 19:32:40.840959
TXN-1761,6561.0,1,0,0,2026-03-11 10:56:40.840961
TXN-1762,7780.04,1,0,0,2026-03-16 16:10:40.840963
TXN-1763,6451.97,1,0,0,2026-03-16 01:23:40.840965
TXN-1764,7074.64,1,0,0,2026-03-16 05:09:40.840967
TXN-1765,6148.41,1,0,0,2026-03-11 16:41:40.840969
TXN-1766,6482.51,1,0,0,2026-03-16 11:26:40.840971
TXN-1767,7385.4,1,0,0,2026-03-14 19:14:40.840973
TXN-1768,6186.52,1,0,0,2026-03-11 00:21:40.840974
TXN-1769,7406.22,1,0,0,2026-03-14 18:40:40.840976
TXN-1770,6853.88,1,0,0,2026-03-14 05:48:40.840978
TXN-1771,6218.77,1,0,0,2026-03-10 12:21:40.840980
TXN-1772,6816.2,1,0,0,2026-03-17 03:15:40.840982
TXN-1773,6986.28,1,0,0,2026-03-12 02:13:40.840984
TXN-1774,6810.9,1,0,0,2026-03-15 21:11:40.840986
TXN-1775,5714.89,1,0,0,2026-03-16 10:15:40.840987
TXN-1776,6136.43,1,0,0,2026-03-13 10:04:40.840989
TXN-1777,6376.24,1,0,0,2026-03-13 08:55:40.840991
TXN-1778,6462.78,1,0,0,2026-03-11 08:48:40.840993
TXN-1779,6810.34,1,0,0,2026-03-17 01:11:40.840995
TXN-1780,6588.85,1,0,0,2026-03-14 21:31:40.840997
TXN-1781,5832.33,1,0,0,2026-03-17 07:25:40.840999
TXN-1782,6690.1,1,0,0,2026-03-13 19:38:40.841001
TXN-1783,6805.29,1,0,0,2026-03-16 16:26:40.841003
TXN-1784,6779.9,1,0,0,2026-03-11 03:05:40.841004
TXN-1785,7040.39,1,0,0,2026-03-15 12:52:40.841006
TXN-1786,6916.96,1,0,0,2026-03-17 10:22:40.841008
TXN-1787,6729.59,1,0,0,2026-03-11 04:16:40.841010
TXN-1788,6464.92,1,0,0,2026-03-13 03:49:40.841012
TXN-1789,5669.52,1,0,0,2026-03-15 04:53:40.841014
TXN-1790,6714.81,1,0,0,2026-03-16 13:46:40.841016
TXN-1791,6603.84,1,0,0,2026-03-12 01:24:40.841017
TXN-1792,6635.79,1,0,0,2026-03-12 09:31:40.841019
TXN-1793,5861.63,0,0,0,2026-03-16 16:06:40.841021
TXN-1794,5959.47,1,0,0,2026-03-16 18:39:40.841023
TXN-1795,7026.58,1,0,0,2026-03-12 07:23:40.841025
TXN-1796,6480.22,1,0,0,2026-03-14 01:13:40.841027
TXN-1797,6840.75,1,0,0,2026-03-16 18:20:40.841029
TXN-1798,6514.16,1,0,0,2026-03-14 19:08:40.841030
TXN-1799,6514.88,1,0,0,2026-03-13 03:34:40.841033
TXN-1800,6969.14,1,0,0,2026-03-13 17:34:40.841035
TXN-1801,6241.98,1,0,0,2026-03-12 06:39:40.841037
TXN-1802,6548.06,1,0,0,2026-03-11 05:11:40.841039
TXN-1803,6268.86,1,0,0,2026-03-11 04:28:40.841041
TXN-1804,6282.75,1,0,0,2026-03-13 01:21:40.841043
TXN-1805,6345.41,1,0,0,2026-03-14 21:52:40.841045
TXN-1806,6611.07,1,0,0,2026-03-13 14:24:40.841046
TXN-1807,6260.63,1,0,0,2026-03-11 01:04:40.841048
TXN-1808,7127.88,1,0,0,2026-03-10 22:11:40.841050
TXN-1809,6052.7,1,0,0,2026-03-11 09:27:40.841052
TXN-1810,6406.56,1,0,0,2026-03-13 21:20:40.841054
TXN-1811,6280.13,1,0,0,2026-03-13 09:46:40.841056
TXN-1812,7223.49,1,0,0,2026-03-12 22:20:40.841060
TXN-1813,6598.28,1,0,0,2026-03-14 15:47:40.841062
TXN-1814,7015.92,1,0,0,2026-03-11 11:34:40.841065
TXN-1815,5757.22,1,0,0,2026-03-16 13:53:40.841068
TXN-1816,6633.53,1,0,0,2026-03-15 00:17:40.841070
TXN-1817,6944.82,1,0,0,2026-03-15 18:47:40.841073
TXN-1818,6541.14,1,0,0,2026-03-12 11:01:40.841076
TXN-1819,7032.74,1,0,0,2026-03-11 23:36:40.841079
TXN-1820,6241.36,1,0,0,2026-03-12 20:12:40.841083
TXN-1821,7204.67,1,0,0,2026-03-10 17:28:40.841085
TXN-1822,7649.45,1,0,0,2026-03-15 08:12:40.841087
TXN-1823,6318.58,1,0,0,2026-03-16 13:15:40.841089
TXN-1824,6277.25,1,0,0,2026-03-15 10:02:40.841091
TXN-1825,7226.69,1,0,0,2026-03-15 21:29:40.841093
TXN-1826,7289.79,1,0,0,2026-03-13 10:27:40.841095
TXN-1827,6238.57,1,0,0,2026-03-15 09:57:40.841097
TXN-1828,6289.91,1,0,0,2026-03-11 06:56:40.841099
TXN-1829,6359.11,1,0,0,2026-03-14 20:20:40.841100
TXN-1830,5827.77,1,0,0,2026-03-15 03:03:40.841103
TXN-1831,6040.67,1,0,0,2026-03-14 23:47:40.841105
TXN-1832,5997.93,1,0,0,2026-03-17 10:27:40.841108
TXN-1833,6116.1,1,0,0,2026-03-13 03:29:40.841111
TXN-1834,6482.66,1,0,0,2026-03-16 14:21:40.841113
TXN-1835,6617.11,1,0,0,2026-03-15 17:00:40.841115
TXN-1836,7275.25,1,0,0,2026-03-12 21:09:40.841118
TXN-1837,6000.82,1,0,0,2026-03-10 16:03:40.841120
TXN-1838,6992.16,1,0,0,2026-03-13 06:13:40.841123
TXN-1839,6393.01,1,0,0,2026-03-16 02:38:40.841126
TXN-1840,6475.27,1,0,0,2026-03-14 17:18:40.841128
TXN-1841,6837.41,1,0,0,2026-03-10 12:12:40.841131
TXN-1842,5938.64,1,0,0,2026-03-14 04:42:40.841133
TXN-1843,6691.2,1,0,0,2026-03-14 21:03:40.841136
TXN-1844,6583.23,1,0,0,2026-03-13 02:37:40.841138
TXN-1845,6746.23,1,0,0,2026-03-16 03:29:40.841141
TXN-1846,6644.58,1,0,0,2026-03-14 12:01:40.841142
TXN-1847,7727.65,1,0,0,2026-03-14 10:11:40.841144
TXN-1848,6181.13,1,0,0,2026-03-11 23:03:40.841146
TXN-1849,6234.5,1,0,1,2026-03-15 02:38:40.841148
TXN-1850,6188.43,1,0,0,2026-03-13 09:56:40.841151
TXN-1851,6222.26,1,0,0,2026-03-15 09:00:40.841153
TXN-1852,6181.31,1,0,0,2026-03-15 06:13:40.841155
TXN-1853,7094.51,1,0,0,2026-03-16 05:37:40.841158
TXN-1854,7210.25,1,0,0,2026-03-17 00:47:40.841161
TXN-1855,6214.63,1,0,0,2026-03-12 13:37:40.841163
TXN-1856,6083.82,1,0,0,2026-03-14 02:10:40.841166
TXN-1857,6735.71,1,1,0,2026-03-13 08:36:40.841168
TXN-1858,6223.89,1,0,0,2026-03-13 06:33:40.841171
TXN-1859,6816.47,1,0,0,2026-03-15 04:55:40.841173
TXN-1860,6601.46,1,0,0,2026-03-17 06:05:40.841176
TXN-1861,5742.13,1,0,0,2026-03-15 10:06:40.841180
TXN-1862,7273.75,1,0,0,2026-03-14 10:30:40.841182
TXN-1863,7397.94,0,0,0,2026-03-15 23:38:40.841185
TXN-1864,6193.61,1,1,0,2026-03-13 02:06:40.841187
TXN-1865,6306.15,1,0,0,2026-03-17 02:38:40.841189
TXN-1866,6642.93,1,0,0,2026-03-16 22:12:40.841191
TXN-1867,6667.23,1,0,0,2026-03-16 13:49:40.841193
TXN-1868,6829.27,1,0,0,2026-03-13 15:25:40.841195
TXN-1869,7505.1,1,0,0,2026-03-10 16:45:40.841197
TXN-1870,6411.53,1,0,0,2026-03-13 05:37:40.841199
TXN-1871,6100.85,1,1,0,2026-03-13 16:15:40.841201
TXN-1872,5810.34,1,0,0,2026-03-11 16:28:40.841203
TXN-1873,6134.53,1,0,0,2026-03-13 14:58:40.841205
TXN-1874,6483.44,1,0,0,2026-03-11 14:22:40.841207
TXN-1875,7397.28,1,0,0,2026-03-15 10:25:40.841209
TXN-1876,6241.19,1,0,0,2026-03-17 02:58:40.841210
TXN-1877,6611.89,1,0,0,2026-03-14 04:04:40.841214
TXN-1878,6491.79,1,0,0,2026-03-17 07:02:40.841216
TXN-1879,7094.2,1,0,0,2026-03-15 13:34:40.841218
TXN-1880,7763.47,1,0,0,2026-03-11 20:01:40.841220
TXN-1881,6234.57,1,0,0,2026-03-13 05:19:40.841222
TXN-1882,6255.28,1,0,0,2026-03-11 13:20:40.841224
TXN-1883,7022.08,1,0,0,2026-03-13 09:55:40.841226
TXN-1884,6840.95,1,0,0,2026-03-10 16:33:40.841228
TXN-1885,7423.35,1,0,0,2026-03-17 01:43:40.841230
TXN-1886,6791.96,1,1,0,2026-03-11 00:51:40.841232
TXN-1887,6320.35,1,0,0,2026-03-11 00:49:40.841234
TXN-1888,6795.33,1,0,0,2026-03-11 04:28:40.841236
TXN-1889,7054.35,1,0,0,2026-03-10 15:16:40.841238
TXN-1890,6910.24,1,0,0,2026-03-12 02:47:40.841240
TXN-1891,6753.64,1,0,0,2026-03-11 04:15:40.841242
TXN-1892,7033.34,1,0,0,2026-03-10 18:40:40.841244
TXN-1893,7084.65,1,0,0,2026-03-12 21:34:40.841246
TXN-1894,7191.08,1,0,0,2026-03-12 08:51:40.841247
TXN-1895,6824.35,1,0,0,2026-03-13 00:59:40.841250
TXN-1896,6416.44,1,0,0,2026-03-12 06:06:40.841252
TXN-1897,6573.36,1,0,0,2026-03-16 08:47:40.841253
TXN-1898,7103.25,1,0,0,2026-03-11 18:05:40.841255
TXN-1899,6091.53,1,0,0,2026-03-13 12:54:40.841258
TXN-1900,6684.34,1,0,0,2026-03-15 01:58:40.841260
TXN-1901,6303.33,1,0,0,2026-03-17 01:05:40.841262
TXN-1902,6514.37,1,0,0,2026-03-11 06:38:40.841264
TXN-1903,7139.23,1,0,0,2026-03-16 07:52:40.841266
TXN-1904,6595.55,0,0,0,2026-03-12 16:54:40.841268
TXN-1905,6523.22,1,0,0,2026-03-12 21:11:40.841270
TXN-1906,5820.07,1,0,0,2026-03-12 15:04:40.841272
TXN-1907,6873.13,1,0,0,2026-03-10 13:14:40.841273
TXN-1908,6822.74,1,0,0,2026-03-11 01:41:40.841275
TXN-1909,7581.63,1,0,0,2026-03-13 17:25:40.841277
TXN-1910,6346.11,1,0,0,2026-03-12 18:18:40.841279
TXN-1911,6609.58,1,1,0,2026-03-11 10:21:40.841282
TXN-1912,6624.69,1,0,0,2026-03-16 07:24:40.841283
TXN-1913,7288.73,1,0,0,2026-03-16 23:57:40.841285
TXN-1914,6452.35,1,0,0,2026-03-16 10:32:40.841287
TXN-1915,6639.51,1,0,0,2026-03-11 14:53:40.841289
TXN-1916,6803.95,1,0,0,2026-03-12 21:20:40.841291
TXN-1917,6593.3,1,0,0,2026-03-11 10:54:40.841293
TXN-1918,6276.78,1,0,0,2026-03-13 23:20:40.841295
TXN-1919,6597.04,1,0,0,2026-03-13 07:48:40.841297
TXN-1920,7036.82,1,0,0,2026-03-12 04:18:40.841299
TXN-1921,5986.74,1,0,0,2026-03-10 13:09:40.841301
TXN-1922,6566.48,1,0,0,2026-03-13 15:43:40.841303
TXN-1923,6149.94,1,0,0,2026-03-13 21:51:40.841305
TXN-1924,7097.52,1,0,0,2026-03-11 02:47:40.841307
TXN-1925,5738.41,1,0,0,2026-03-14 17:04:40.841309
TXN-1926,6220.54,1,0,0,2026-03-16 00:03:40.841311
TXN-1927,6688.61,1,0,0,2026-03-11 08:05:40.841313
TXN-1928,7282.76,1,0,0,2026-03-17 07:54:40.841315
TXN-1929,6467.12,1,0,0,2026-03-12 19:42:40.841316
TXN-1930,6222.4,1,0,0,2026-03-15 09:13:40.841318
TXN-1931,7440.58,1,0,0,2026-03-10 21:36:40.841320
TXN-1932,5775.99,1,0,0,2026-03-17 03:09:40.841322
TXN-1933,5400.6,1,0,0,2026-03-15 15:52:40.841324
TXN-1934,6720.01,1,0,0,2026-03-12 22:55:40.841326
TXN-1935,6248.97,1,0,0,2026-03-12 17:06:40.841328
TXN-1936,5989.38,1,0,0,2026-03-13 06:00:40.841330
TXN-1937,6854.18,1,0,0,2026-03-16 04:56:40.841331
TXN-1938,6621.9,1,0,0,2026-03-13 22:52:40.841333
TXN-1939,6217.96,0,0,0,2026-03-15 21:33:40.841335
TXN-1940,5859.85,1,0,0,2026-03-13 20:19:40.841337
TXN-1941,6936.23,1,0,0,2026-03-14 18:54:40.841339
TXN-1942,6825.1,1,0,0,2026-03-10 13:14:40.841341
TXN-1943,6450.41,1,0,0,2026-03-16 17:04:40.841343
TXN-1944,7423.32,1,0,0,2026-03-17 07:30:40.841345
TXN-1945,5964.96,1,0,0,2026-03-12 03:49:40.841347
TXN-1946,5737.24,1,0,0,2026-03-15 08:47:40.841349
TXN-1947,6154.05,1,1,0,2026-03-14 22:06:40.841352
TXN-1948,6477.21,1,0,0,2026-03-17 02:35:40.841354
TXN-1949,6621.67,1,0,0,2026-03-16 00:05:40.841356
TXN-1950,6379.38,1,0,0,2026-03-16 14:44:40.841358
TXN-1951,6676.03,1,0,0,2026-03-11 09:59:40.841360
TXN-1952,5874.23,1,0,0,2026-03-16 04:37:40.841362
TXN-1953,7221.88,1,0,0,2026-03-12 18:55:40.841364
TXN-1954,6458.92,1,0,0,2026-03-16 14:00:40.841365
TXN-1955,7058.65,1,0,1,2026-03-15 20:29:40.841369
TXN-1956,6671.36,1,0,0,2026-03-15 05:55:40.841371
TXN-1957,6728.38,1,0,0,2026-03-16 15:16:40.841373
TXN-1958,6784.88,1,0,0,2026-03-14 12:09:40.841375
TXN-1959,6723.85,1,0,0,2026-03-13 09:47:40.841376
TXN-1960,6821.36,1,0,0,2026-03-16 10:00:40.841378
TXN-1961,7164.58,1,0,0,2026-03-15 07:46:40.841380
TXN-1962,6598.26,1,0,0,2026-03-12 15:07:40.841382
TXN-1963,6854.5,1,0,0,2026-03-16 05:22:40.841384
TXN-1964,6455.13,1,0,0,2026-03-11 15:13:40.841386
TXN-1965,7220.06,1,0,0,2026-03-15 16:20:40.841388
TXN-1966,6161.8,1,0,0,2026-03-17 08:04:40.841390
TXN-1967,7400.47,1,0,1,2026-03-12 18:38:40.841392
TXN-1968,6479.92,1,0,0,2026-03-15 13:12:40.841394
TXN-1969,5784.61,1,0,0,2026-03-12 23:38:40.841396
TXN-1970,6564.05,1,0,0,2026-03-16 16:02:40.841398
TXN-1971,6159.47,1,0,0,2026-03-11 17:53:40.841400
TXN-1972,6920.32,1,0,0,2026-03-11 19:57:40.841402
TXN-1973,6173.69,1,0,0,2026-03-12 18:26:40.841404
TXN-1974,6276.91,1,0,0,2026-03-10 11:57:40.841405
TXN-1975,5555.23,1,0,0,2026-03-14 11:37:40.841407
TXN-1976,6273.85,1,0,0,2026-03-15 13:57:40.841409
TXN-1977,5288.06,0,0,0,2026-03-12 02:11:40.841411
TXN-1978,5708.05,1,0,0,2026-03-15 03:15:40.841413
TXN-1979,6880.21,1,0,0,2026-03-15 16:53:40.841415
TXN-1980,6892.9,1,0,0,2026-03-11 16:16:40.841417
TXN-1981,6712.73,1,0,0,2026-03-17 00:34:40.841419
TXN-1982,6016.51,1,0,0,2026-03-15 21:14:40.841422
TXN-1983,6476.14,1,0,0,2026-03-11 02:31:40.841423
TXN-1984,6498.2,1,0,0,2026-03-13 04:57:40.841426
TXN-1985,5920.82,1,0,0,2026-03-16 09:48:40.841427
TXN-1986,7251.7,1,0,0,2026-03-14 07:19:40.841430
TXN-1987,6938.68,1,0,0,2026-03-15 00:36:40.841431
TXN-1988,6389.52,1,0,0,2026-03-11 13:36:40.841434
TXN-1989,6513.44,1,0,0,2026-03-12 13:58:40.841436
TXN-1990,6604.19,1,0,0,2026-03-16 07:12:40.841438
TXN-1991,5479.13,1,0,0,2026-03-15 00:52:40.841440
TXN-1992,6376.41,1,0,0,2026-03-12 23:57:40.841442
TXN-1993,6159.01,1,0,0,2026-03-15 14:24:40.841444
TXN-1994,5999.19,1,0,0,2026-03-15 00:33:40.841446
TXN-1995,6359.45,1,0,0,2026-03-13 13:38:40.841448
TXN-1996,7398.84,1,0,0,2026-03-11 12:07:40.841449
TXN-1997,6820.42,1,0,0,2026-03-15 17:46:40.841451
TXN-1998,6214.41,1,0,0,2026-03-11 15:33:40.841453
TXN-1999,6786.29,1,0,0,2026-03-14 14:26:40.841459
